{
    "accuracy": 0.999976,
    "precision": 1.0,
    "recall": 0.9997251992305578,
    "f1": 0.9998625807338188,
    "confusion_matrix": [
        [
            114083,
            0
        ],
        [
            3,
            10914
        ]
    ]
}