{
    "rmse": 0.24363682068984632,
    "mae": 0.12303155806302411,
    "r2": 0.25529952689683155
}